fraction,arch,train_best_val_acc,train_time_min,self_eval_base_acc,self_eval_avg_stress,self_eval_final_score
0.5,convnext,0.864125,40.806303004423775,0.87,0.619,0.7444999999999999
0.5,resnet50,0.881375,37.20687283277512,0.8875,0.6195,0.7535000000000001
0.8,convnext,0.9496875,53.84208286603292,0.954375,0.7201250000000001,0.83725
